"Nr. crt.","Client","CIF","Adresa","Factura","Data emiterii","Data scadentei","Status","Moneda","Valoare fara TVA","Valoare TVA","Valoare Totala","Aviz insotire","Observatii"
"1","14b43aa6f6f4b7bfda6239956f6dbe176eaf080e","c7037b97c13275a3ea3a14aa4c14851fe271ce48","1d1421901ac6fe5873e2764188fd2597c5d009fd","12192","29/02/2024","15/03/2024","emisa","RON","17112.59","3251.29","20363.89","",""
"2","38bfb5d892cba2e49de08c2d1c9534a589397e6e","96b7f7f0a89ee83f75c2c41818383dbf0fe6ec9a","ab47f048ac7673a82a98083fd87c58ecaa5ba41a","12191","29/02/2024","15/03/2024","emisa","RON","34499.52","6554.92","41054.44","",""
"3","948aae62125603c9b83f1bb673f961927a102967","07b2a9a97395cfb6cafefc0578b4533cd4dc96f6","e5dbcd2822c07e76f95b5e5180862680aab476d9","12190","29/02/2024","15/03/2024","incasata","RON","-15353.12","-2917.11","-18270.24","",""
"4","eeb0eff9ab8bbcabd42920fffa887a1cbb758651","4bc7ffd2ecc5875ba7970c5fcefadb8bd29b2c90","6c2655028c823e1d7ca53f6f0ebd62e613dd62d0","12189","29/02/2024","15/03/2024","emisa","RON","248459.38","47207.33","295666.71","",""
"5","050286b322fbd3e57afb4117ff3c992580fad057","630e55bf1fd7dcea8e40e8154026ea5207c30a35","e58eee0da77ae9bac50f2c1d3477ccc31a16e47c","12188","29/02/2024","15/03/2024","incasata partial","RON","272311.9","51739.26","324051.16","",""
"6","c4f821e8850d06fd6bfa9675d45d3b8adfdcb4fb","fa46c3099ca8a467d1f666bacdb186fdda28d900","001ee3f7d26e50f222fd4af859bd2fe91100b79b","12187","29/02/2024","15/03/2024","emisa","RON","36172.4","6873.03","43045.43","",""
"7","a4f51102b3c9bac6bdf604ef3e903cd74f7ccc74","1005eb076dbc3f1c07f6c903be39b4172685e8ed","7ca4688f679340a9ca1d75c0fc4c93488ebc22d5","12186","28/02/2024","14/03/2024","emisa","RON","435171.59","82682.64","517854.23","",""
"8","aa0b0ae5cee6b03a39fcab825ed7a88c6b8c2595","cb6014751c6dadc9ff1ab5d570224df760e0a147","179af599e13f3a371b7366d1589ba0983a688689","12185","28/02/2024","14/03/2024","emisa","RON","3365.43","639.41","4004.81","",""
"9","7e6674d71bc5fd64814b93070e0258be84056860","467fcc625c9ec43a765c9509e4878ab09bf3c099","608a4019ea90ffa518864182fc2bc663772bf290","12184","28/02/2024","14/03/2024","emisa","RON","6431.49","1221.98","7653.47","",""
"10","3e7ed79baa0d5deeb98ce79c292f3d960358cb03","144a1b27c706e00f16e35b94070f35e9ecc5ffb4","9aebcdc3dabc046d8ea8fff3e29111ee4678bc72","12183","28/02/2024","14/03/2024","emisa","RON","198802.4","37772.5","236574.9","",""
"11","0504d47760f9cac1c466c41e820cfa9eae74bc78","3caed61163e0bbf9f4be7e8d0811983d20415a96","b2996ebe9c4abe02040772dd39631bf999d808a6","12182","28/02/2024","14/03/2024","incasata","RON","338760.5","64364.49","403124.99","",""
"12","44435e33d248828a1b9634ff53157c54ba914fa6","b37fff6754cc65fae6596ef32dad6a577268fb1d","37414fc5ed6674e5fb171cc100e97f5be2a5ff0b","12181","28/02/2024","14/03/2024","emisa","RON","31756.31","6033.73","37790.04","",""
"13","208ef84a1d69f1d27f0fc6326ea1e20cc1621be3","8979c2d7da55e1c15834088045de0162277dc2dc","f8780fde0120a6b42729f4c183e80b1453b47a77","12179","28/02/2024","14/03/2024","emisa","RON","370698.93","70432.85","441131.78","",""
"14","f6ca00ba17d11991357dc1e081bd7df1740254b3","9bd32c93fc976e83e41c1cdf53a5049cbab1e380","b1e17fdef9042462711516aa3a098cd584df620d","12178","28/02/2024","14/03/2024","incasata","RON","6000.25","1140.06","7140.31","",""
"15","c7ad34865d6029f8959dfeb89ad3ab4a61185e9c","8eeacf95b436109b907727016a3e696fd7bffe56","11b8a8be0363b74fc30269657bf6260006483b2e","12177","28/02/2024","14/03/2024","incasata","RON","359301.97","68267.44","427569.41","",""
"16","f22ef0c30784d6cd75ad629dfadfb079beb8fe97","ba5f480a6d9b668fb5c3fc020ebaf1996d766e7a","fe510fc80257ab1474293db36e6c1e819b906b43","12176","28/02/2024","14/03/2024","incasata","RON","74519.41","14158.66","88678.07","",""
"17","47e462b0291a2c7ce5834145c5c058f5b39fb9b1","b10be212de2a3b0f21502eadb1a47ce6e84a9fcd","5221ca495e1c76d7deb05072a8061dc3181d9d1a","12175","28/02/2024","14/03/2024","emisa","RON","18591.94","3532.45","22124.38","",""
"18","a8861c4ea9066dfa509e614dd5d9faf439fd5104","3b7eecd54e5dad5789454aeaf3e62eb7f18fd95e","ca7ff992c043e0f5980bbe797c43a942e97ee894","12174","28/02/2024","14/03/2024","emisa","RON","3151.04","598.7","3749.74","",""
"19","0112423e605aa72c44182f589617668241aae0bd","c15289d5bef52f09477ac56c332c588d2ef14f7d","5214d2ba67ca1c279d1981362b0e56babf09e2bf","12173","28/02/2024","14/03/2024","incasata","RON","32725.08","6217.76","38942.84","",""
"20","a9a200d3fc3f666fdb307136e8387f212dd37cc2","5010849f7469c0f317f477f15ea72de27489ec38","9b399ecac8b02ed1102f769ae093052eb1efc4e9","12172","28/02/2024","14/03/2024","incasata","RON","1297461.79","246518.51","1543980.3","",""
"21","c28618202bcbd4612a58fc6ca593e6f8a49ffc56","cffdb0cbf34ec38c386d496dd5c12c4653a6b578","2b12104e992e18aaba51c85fc95be118c088435c","12171","28/02/2024","14/03/2024","incasata","RON","49.27","9.36","58.64","",""
"22","b57950c16f3e6709220cf419b10ce21f4d4e17fe","8da23eb44c3a3e9055205b46eefb9ad4afb78cda","9ed55818bc0ef5760ef850303ed3a85386c40bab","12170","28/02/2024","14/03/2024","emisa","RON","32733.46","6219.34","38952.8","",""
"23","d9c4abc2fb6c4b44e98d494ab074af4c08298302","c1f6131e68b2fe1b9f8e1473f7761aa9fdaf7a00","22742c1e717a70a20cb6afcae72a32f8431dad24","12169","28/02/2024","14/03/2024","incasata","RON","265734.15","50489.55","316223.58","",""
"24","474ca3acd89fa1c18ab7968d1865533007eb2dc5","d750e399fc93f7e94368c2ca211199eb59671588","daf2f09b34d0c4e5effef2ee165e7726817cb28c","12168","28/02/2024","14/03/2024","emisa","RON","668510.77","127016.99","795527.76","",""
"25","0d14fc5f80ce475c02ce1bd7aaea4337acfe8715","ef3b9e5c08959e801adcca6a76a98a3a94e008ca","1d228e5ca9d4bfae4c9afe5a04435446752c3dd0","12167","28/02/2024","14/03/2024","emisa","RON","49298.38","9366.69","58665.07","",""
"26","bf46d5c844c396b76a4f61847cff29d8ec63c06c","191d7f2b7573396109397fd3d39ca8d6306289c5","06c3e2da9761637bb127ad93f06191aa2f27a27d","12166","28/02/2024","14/03/2024","emisa","RON","184078.54","34974.54","219053.08","",""
"27","50a1ec76618d02d18d379442f38e76c34d75043e","c97904645f18e5c0e7389735ef26879eb743d1d7","c8e1407f9a32e0b70d1f1285703d4de8257182c8","12165","28/02/2024","14/03/2024","emisa","RON","95642.35","18172.04","113814.39","",""
"28","7480c9abab66944652cbd78528e88627e1094c53","2db7db3dcb5526c4931b14549ef1fd4508652156","a3239e2dc0b3ae25cd61f85cc6e74739af6e7008","12164","28/02/2024","14/03/2024","emisa","RON","27001.14","5130.21","32131.34","",""
"29","8e2e21424e24ebde13735b5eb57d69e17b2df2db","f2edad4d79ae9fdb9fc2092a0fb6aca2f9635817","795e36f0ea086f2b22dd6eaf1882ea9758546c52","12163","28/02/2024","14/03/2024","incasata","RON","297308.09","56488.52","353796.62","",""
"30","948aae62125603c9b83f1bb673f961927a102967","07b2a9a97395cfb6cafefc0578b4533cd4dc96f6","e5dbcd2822c07e76f95b5e5180862680aab476d9","12162","28/02/2024","14/03/2024","incasata","RON","66562.51","12646.9","79209.41","",""
"31","119f02a1ff7b799125f3e9e6ee04084c141fb5db","d900a7696a1360402e2faad33998e8b19191a732","9abd2332c15c53f3894dab398311f90f73114916","12161","28/02/2024","14/03/2024","emisa","RON","165345.49","31416.22","196760.57","",""
"32","15c0ac7dec8b887f2f0e948e89dea9fffaa5fcb8","18896e46830300d7dea80c165110559a00ee4e78","7a965ad9578571d364b769c33f5066bdf68db883","12160","28/02/2024","14/03/2024","incasata","RON","7813.95","1484.6","9298.58","",""
"33","04091840fc11785c1334007574aa80332a61d1d8","74b80ce3c73d2a0681000bb1c486f829b2b07e22","f0cf561745b6e10364ad04c8d7924b02fd58eb1b","12159","28/02/2024","14/03/2024","emisa","RON","249153.4","47339.16","296492.55","",""
"34","8de68163014fa2f4283a7da0ed683aedd8bc3fe9","ba170c136cf55ea4996394c6beb120a373d9aef1","82899683d17398d2de4008d9585b763fafcfaf8e","12158","28/02/2024","14/03/2024","incasata","RON","301487.51","57282.68","358770.19","",""
"35","e5549e15b57d8cfad8c9e371b71e828c5b041a21","58fe89f3853643b04441218c5007158eb0d8ea71","1fbc0c539aea691a557a0549d98c97a071beb536","12157","28/02/2024","14/03/2024","emisa","RON","235298.0","44706.62","280004.62","",""
"36","2a42149629e9de77c7aa1534f8d9abee3d6f5e92","e03af3966e7001380163253d5c1f13480f41419e","1af23e1e9ed230cd430869a40fd15d7ad15b29a9","12156","28/02/2024","14/03/2024","emisa","RON","165.41","31.43","196.84","",""
"37","f2ea01ca0c0f851568f80fcd7d339ced852aae57","e62f5016c11c3331d4fe11d421f7974561488865","1ae26143e0eb10d87b983e151fcce42a81600908","12155","28/02/2024","14/03/2024","emisa","RON","89539.43","17012.53","106551.95","",""
"38","9f3c72cac568b60b581f2676ce080952579c1395","6c9a83482d7f85f426fa84848c9bd93ca951fbc9","cc80cffd2b9b7c9f08665c697f68af238a9bc8c6","12154","28/02/2024","14/03/2024","emisa","RON","312179.2","59314.05","371493.25","",""
"39","fd2e5670e3fff7982c4a66ccd819fa162ef2d40a","9bec6d4cb29734d6f32ffe4816b9987852f5a131","e518a9086fa186fb0ba3df744631dab5ee144314","12153","28/02/2024","14/03/2024","emisa","RON","299442.58","56894.1","356336.68","",""
"40","cd70bb40e5f68735dd31c0d78e3dfdaf213974d0","f215a98665ce94dd2e3a4431be152beec603046c","caf3d0d5ab5691d6362cd4fa6e620c6326bd93ff","12152","28/02/2024","14/03/2024","incasata","RON","438512.45","83317.35","521829.81","",""
"41","32f2c57e5617214bb32bb145a974db3c7b3a53bc","45f580c5fd21fb09367808899e8dbdcc146bb4ee","7ee8cc5702a94d60f1ae86cb0ccea22ad8d728f0","12151","28/02/2024","14/03/2024","emisa","RON","80127.0","15224.16","95351.16","",""
"42","057098be2efa5f41109359b1d2f96154fdfa1711","1474bcc590b91cd091adf56d2774443000d67e79","826cf7b1898a887e51075ee33214330cc9ef06cb","12150","28/02/2024","14/03/2024","incasata","RON","22545.25","4283.66","26828.97","",""
"43","2e2b8e0b35f4b58ec37ae6f8bb410136f4766047","39a28c3c9da902e2237d36e6c339d991eb66539a","8636b811ca384af941520131b79ff300ea1cae2e","12149","28/02/2024","14/03/2024","emisa","RON","20500.65","3895.12","24395.76","",""
"44","0e4bbd996ca78b5edbc504c183edd1fbf81af363","6607b5ed37dde97e1a65980c33104c740319b321","04a879e05972f3b2453f859edee152a12564567a","12148","28/02/2024","14/03/2024","incasata","RON","7233.6","1374.35","8607.94","",""
"45","6f2c1b71fd545313b01c697dd5af1aa37691c3eb","cbf45d0ca3d496ead60c9246cdb32d29e4e64174","ced929520444fecd363e1f48e77406668933b50f","12147","28/02/2024","14/03/2024","incasata","RON","75605.8","14365.1","89970.91","",""
"46","868f7aa6073da1e7b830774167fef1bbe3d33319","a0e403f4271062896112394b07ace7d3c74b5827","bd2e9d768133e5cb3aff5eeb7e84ce52cfbde1a3","12146","28/02/2024","14/03/2024","incasata","RON","270304.55","51357.82","321662.37","",""
"47","87a77a3b819388d2be986bc397363319e172de31","1dcd7362ddc4d46b9bd1d1ee7d0a6962266001ca","c02173de53458046d34bd385ccadafbfd531d47d","12145","28/02/2024","14/03/2024","incasata","RON","1274.02","242.05","1516.07","",""
"48","c4f821e8850d06fd6bfa9675d45d3b8adfdcb4fb","fa46c3099ca8a467d1f666bacdb186fdda28d900","001ee3f7d26e50f222fd4af859bd2fe91100b79b","12144","28/02/2024","14/03/2024","emisa","RON","7007.45","1331.44","8338.89","",""
"49","591a8d6e9188f13501682e65df525e2c7e718c77","b8943ed9df9f9c088aa59ee9294dd0121930974d","75fe2ed341a0b20901c385f89e3e6a583924dd29","12143","28/02/2024","14/03/2024","incasata","RON","67055.13","12740.57","79795.71","",""
"50","53b197f48c3c4c7bcc00afcd2e61a0490a4d6843","50bd5f77a0330f28fe36acb38578e6df68056b96","4691227c1cefe95824ef233d50f8db4e247eb99c","12142","27/02/2024","13/03/2024","emisa","RON","101.31","19.25","120.55","",""
"51","53e056b6808753fac68542c37446b0affce0c97f","8a4ff8381ac47adedf60a9cb51ffadf3dfaadbb2","5fbd7e4f137dcadfa68b7d30b7b4dea72767c25b","12141","27/02/2024","13/03/2024","incasata","RON","1048467.38","199208.79","1247676.17","",""
"52","c4f821e8850d06fd6bfa9675d45d3b8adfdcb4fb","fa46c3099ca8a467d1f666bacdb186fdda28d900","001ee3f7d26e50f222fd4af859bd2fe91100b79b","12140","27/02/2024","13/03/2024","emisa","RON","673076.29","127884.75","800961.04","",""
"53","038f95cf7fe05db7695ddf84fc5f7ca1689d1435","78789d2386e81e3fc6a7623d592e3d41c442dfe3","a59f2e56535a6b9e3504390adf36cebb7a117a8c","12139","27/02/2024","13/03/2024","incasata","RON","196103.79","37259.89","233363.74","",""
"54","7a29f332f2ab33d2a108281338dac4a9840a9e24","83fe4ca2eb6570115786efd207acf0a4e53cbf6a","2d8ec4bc2cc7cd372766e3cac56c64d8f01dbf84","12138","27/02/2024","13/03/2024","incasata","RON","14793.88","2810.88","17604.79","",""
"55","ebad1b8ab1541f8e1af095ac6012dc14e7fe6f88","59ffe2f9f7c45f39603c404b2599821c30657531","ebdaae10bbd831dc7ce803cb17468cb34288da45","12137","27/02/2024","13/03/2024","emisa","RON","1632.56","310.15","1942.71","",""
"56","970c5c606b2e081a8e4629be6905448ec8ef52ab","e6482d51c693bad6a850c637cac4022c8b2d78f6","c54d9f3b1321d1d3957c7ba03159e09cddf2b753","12136","27/02/2024","13/03/2024","incasata","RON","386809.24","73493.97","460303.21","",""
"57","7b8fe8135f1bf47622ee147152484bbb9f9872ec","b2792fb8e4e6974f5ebf59ea500f3084f47fb13c","1c25c2c32abba16d86529dbcac4d9f5a283fa097","12135","27/02/2024","13/03/2024","emisa","RON","297754.0","56573.26","354327.26","",""
"58","510e30cadfd015636b52d7e9f75fd7d7c408e8c8","81ecba98b8a75f217a7080f150b4fb200d86d75d","cdf834c709513524de69e7c9952e0c7490c0ff4e","12134","27/02/2024","13/03/2024","emisa","RON","10115.48","1921.94","12037.42","",""
"59","1d835252cf270913524d2a73f534bd4e1c81506c","48dcf2fb935e95947a306ef29a61866270a3665a","248cd88b599ac0d5b7c90e4d7ed7eb3a159795ef","12133","27/02/2024","13/03/2024","incasata","RON","280090.83","53217.22","333308.05","",""
"60","787ffffa56b4b0b35bdac5bf56c3ba9c38d7dc52","787dad2874c212649bb6dd552610f53da9e495ef","5441f83b8622f95b3cc6c95d8b91a61ca821bf29","12132","27/02/2024","13/03/2024","incasata","RON","337.5","64.12","401.62","",""
"61","e6c0ea427e13971e846c335418cc9e47ca619ff9","c3a333df5211d509bcce87308a40f68cfca925d9","053360730ce26e83942a70474d05ef4c1de77e61","12131","27/02/2024","13/03/2024","emisa","RON","438386.78","83293.44","521680.22","",""
"62","ecb9ad3f6aa47fd0a129ddd74c34c40e7b1cd435","47b2fe5917e7f5a305f3720149dee36f7b00b8f7","b3b8ed1a056f2b5dd4a3b829e8313ebdf7d4f514","12130","27/02/2024","13/03/2024","incasata","RON","337.03","64.03","401.07","",""
"63","8f422f5cc7e349f63f92a1ed442294a614802c07","b57e160265fb33b4bacd9ed30cf7c9703a631d7f","6ea4c4f28a93873218d7a96ec68581eb0e703fe0","12129","27/02/2024","13/03/2024","emisa","RON","116226.15","22082.94","138309.09","",""
"64","44b00e2579a1c32114df038fbc8b733a7d48a036","215817d7fb569aefc88f998f483ebf6ccc00bd8e","c5ace349193e2b6f0d42c96fb0ccdb26c6701542","12128","27/02/2024","13/03/2024","emisa","RON","457121.94","86852.96","543975.39","",""
"65","48a9c0d7c1fdaeaa3388409b252ad8d9b9c10f6c","61f957bc99a2d62d7ed87c46fd3ccad22480704d","417dd47b6557e1ffca45854d959d4fbc94c3fdc4","12127","27/02/2024","13/03/2024","emisa","RON","1393258.75","264719.59","1657978.35","",""
"66","242d542c7e48fa2bcdeb8bbb49e9f8800a5dec01","e947e03eacffe3c6b1616e5e29225309623e4fa6","e78c43e451d66792fbc9c308c448fb87fcee2e12","12126","27/02/2024","13/03/2024","emisa","RON","190604.1","36215.1","226819.2","",""
"67","c78ecdbd9d1c60fd83eade01f51f495cddf2ab52","565ac9ae0a3b23ab1a6e6249088a3a7dc2dcccc7","6c45d249b4ea009bfb0b7fef006d41839f94acf2","12125","27/02/2024","13/03/2024","emisa","RON","22933.44","4357.25","27290.73","",""
"68","15c47ce3cfa964cf0c980bec31c0e386b6b42425","40f00407c67a1c2a7a991ee7a29fec5e8fd34021","f645ee868340cf69ee0648002d31f9f1a71d5cd0","12124","27/02/2024","13/03/2024","incasata","RON","291089.7","55307.04","346396.74","",""
"69","2eb28043f78b83273e1762c8b9830f50382a6b42","07f0d77d8f960b99a7ea2479c6eac6c852fa7172","a4fe86c903fee542ccf36c215bf9d2a5d5afe920","12123","27/02/2024","13/03/2024","incasata","RON","9556.5","1815.74","11372.25","",""
"70","e756287e07ead2754e3d91e68efa89f468b656be","925711bc17771c050009fdb06275be1591cff33d","7a1c3e0adfd412c704555ef0ae9e42094f97eb96","12122","27/02/2024","13/03/2024","incasata","RON","13935.74","2647.79","16583.54","",""
"71","6e78ce93549c28e0c79ba06680f69b8effa15638","59bd5edd0ca38f69a06b84c6d52264b2edcf3e87","1fdeee3754b3405b0461bc08476e109f9232bd77","12121","27/02/2024","13/03/2024","incasata","RON","66629.2","12659.24","79288.52","",""
"72","a087e22634472d0b038cd5bdb861f884fdf82ec2","ceca494894d1c26d3d7cd5d76be9165612c1f70a","c9fab729f5a19208b1c609a5da0855b3bdfd28cd","12120","27/02/2024","13/03/2024","emisa","RON","125141.55","23776.89","148918.43","",""
"73","6eb7cc19118c4518d8b15ac602551990749f1fb9","938903856c200d04c2a435b856224c6ac522a6c5","b7a13d8fd191076d7726a690470f620797e9b9f0","12119","27/02/2024","13/03/2024","emisa","RON","570040.58","108310.86","678351.44","",""
"74","56b4e6d1db621bdd59fd0daafedb2b785edea106","25e48479c49728dd68aeb71598b035a90c505c9d","0759a6065b880f6cc0be6da9739f75a83d878c42","12118","27/02/2024","13/03/2024","emisa","RON","230443.02","43795.06","274238.21","",""
"75","9b1c2f12f934f34d2e2c069e96eb000acd8a498c","cd8229ce4656d2b274ab6f0422876d10445aee66","0baeea76dd67929f5da60d9afa4885003790a4ec","12117","27/02/2024","13/03/2024","emisa","RON","1916.3","364.1","2280.4","",""
"76","095903958a7e51d0561ccd42a2643e7f8d4526b3","4b0e194d11cdb37fc665edc4c1f6205012b14b20","103394d7c051a4459b01987a2851ad3a4ba28e1b","12116","27/02/2024","13/03/2024","emisa","RON","12.41","2.36","14.77","",""
"77","90cf1b7d62d30faf9e082814a0b55a18678497a7","014129758bd68ad078e679fcff9cb98dd48ab7b6","14d1d9c5cd476a1ec386470caa5558d4f649e191","12115","27/02/2024","13/03/2024","emisa","RON","379809.55","72175.84","451987.13","",""
"78","6dec71e7733afafdbd587a43c258f12ce984b61a","3a34fe464a91b1c5dfe7f7483668e6572aa3c2b4","ec90be77d0c2fe0457f8e162b1d0c53a86b67184","12114","27/02/2024","13/03/2024","emisa","RON","1772.5","336.88","2109.38","",""
"79","992c20bd9e7c50e711b1cd087ee5b8d46269247d","8a3ad4c6b43032790b4b2a21054fd0ea5d604554","5aea175187e2d8ade2cf54531f4886876916fb73","12113","27/02/2024","13/03/2024","incasata","RON","45762.01","8705.43","54467.44","",""
"80","6f0f866e9a3b94bd534fa685a640878bcd15aad5","0808156ba27cb73f23ad390db7eec923a2a72432","d5fdcd4c26541d54b8bdb78afa06142d407ea520","12112","27/02/2024","13/03/2024","emisa","RON","1693669.89","321797.33","2015467.21","",""
"81","8ecf6005c713b85c3085610deadfe6f2dc85fdc3","02989a1ddb2c8d70d1a03cc80d375e7a64ff91c3","a095a866f8dbfd294e5afc93695ee53000857744","12111","27/02/2024","13/03/2024","emisa","RON","432.0","82.08","514.08","",""
"82","bad2caa27a2a10264538648cc866dffa5f9e4a64","113b2b2454e548833bfd58d4325ff7808d747d3f","dfc79aa4f4e72154027478cba055379d290fac0d","12110","27/02/2024","13/03/2024","emisa","RON","2175838.88","413408.36","2589248.02","",""
"83","53cc103cfc618cd97531c10aa4a5beed449dd463","611fbac314a2339257eeb864c14be8830d2a6b48","2c6f0eaacd28be73a5473e745ad879240a3f24a0","12109","27/02/2024","13/03/2024","emisa","RON","328626.75","62438.41","391065.16","",""
"84","7961186fc43763f41c11514fe153bdc240649b6f","4f71fe4456fcf0b8c1b8f50e3465289bd31e4c1d","2893faccdb6a046605157c418700fc6ddd83504c","12108","27/02/2024","13/03/2024","emisa","RON","1065840.92","202509.4","1268350.32","",""
"85","7713a5cc670db8c1718bf85742b831bae7a68cc8","d28c4a754668507294fdcb58c5a0edf19f830ff9","7602898cf7a177df783053c586a3a7240cd0088c","12107","27/02/2024","13/03/2024","emisa","RON","439780.19","83558.71","523338.78","",""
"86","207c8fa54571ca43a9496f447de7366756a74ba1","3447c143bf3c7eaa53a126c5b178b2d0f09c4d5c","923d8a746ec1e6e68862c6f16823a2b090ae74e0","12106","27/02/2024","13/03/2024","emisa","RON","6124.61","1163.68","7288.29","",""
"87","eeaa9b81031e83c6e1eba9af18391d7872fda9bf","cd443e94e2cc9336d103f7ef127f38acfb6a2186","23dbad9c4da510e536b4797994897fdf49126542","12105","27/02/2024","13/03/2024","emisa","RON","192.29","36.54","228.82","",""
"88","710417c8df960f4120f8b405897f47fb5d51dac2","c04d8daaf8e9f6084a45aeaa93324e091b10d1a5","e97c59813f63bcef46a478b9c80bd1d2c89424a5","12104","27/02/2024","13/03/2024","emisa","RON","149722.66","28447.28","178169.94","",""
"89","8ff1ca1437deae94b9dc3be394e6db5dffbcb976","7fcafc0badb35cc6b63e059f7136de0b08a8db39","ba7eab29ff113563a9b61e25d54efc7a3ce37800","12103","27/02/2024","13/03/2024","incasata","RON","4124.15","783.58","4907.75","",""
"90","843123e3e8af03cc42f6ccd14464a022c3806e1d","28a8c6bf2d21f858205e43b32e3d37097353997c","5485e7d3453c91626351a95b6ec9c9212dcb7a4c","12102","27/02/2024","13/03/2024","emisa","RON","210656.34","40024.17","250680.62","",""
"91","aae4da92ee70a5e410e9c977c3e06b460e663e6f","486be0ef51727c5fc30209f80e5abaa4d0edba5c","43c09a0204197394f1b4c36aa2b604c3677d9445","12101","27/02/2024","13/03/2024","emisa","RON","164721.27","31297.09","196018.36","",""
"92","7ceddf1feaa1630b08a35eb9170569cc845a52f3","7eb95067f665814ed6d8e422a2b7683c4910be4c","50ba95546f8fd67fe3f43c36d6719325e106167f","12100","27/02/2024","13/03/2024","emisa","RON","124101.91","23579.64","147681.46","",""
"93","8718409e5b74e19567e6c9bf2576962ec4c5d23e","8b40305e77b0afd56edddb539ab5f6b26469c4b2","99c06f55481edec6a2f8c0ab13adf2aae97fabfe","12099","27/02/2024","13/03/2024","emisa","RON","222759.81","42324.06","265083.87","",""
"94","c4e945d6aee12bdb612a435618714176188c7924","c0c1dd0a55cea15fc39ad380da0739e2df32bcb2","f79f1e0c6868124e55d1616d808dde630efca3df","12098","27/02/2024","13/03/2024","emisa","RON","48337.9","9184.04","57521.88","",""
"95","52a6903d0e07d3f7d9d03ca55ed1068ab9b3bf52","3afb2abae82520bc373ca06767238a1f71698ca1","c9ac1394b303ff526fbaba2d713d13eb5b3074d5","12097","27/02/2024","13/03/2024","emisa","RON","135536.82","25752.15","161288.97","",""
"96","4d3f980ad950da47ed942f2c37e10fd7c9d0c9f5","a55313c742b9709226a5372f4bf6b200c4135bf1","519ff764496c381ed7f9774bde1172fb2d503dd0","12096","27/02/2024","13/03/2024","incasata","RON","42969.9","8164.3","51134.21","",""
"97","4168332d17bbd025510c602c5cc205cce674b139","1cbf0da3d95c63852809f83818c6f89b52c419c4","f9b502a922bfcfdcd966baf6d44c0ab25898332e","12095","27/02/2024","13/03/2024","incasata","RON","1194188.8","226895.87","1421084.67","",""
"98","78f203ddacc1f384ad7b1bc4ae56b2004af3a296","4dfcff9f391506592802a118cc635df13b2258f2","44c26132fe1d4eaa7c7d9ae2d59219139e8ad459","12094","27/02/2024","13/03/2024","incasata","RON","26064.64","4952.32","31016.89","",""
"99","858d8f79dbd1c53f0353e68439c7e8c99488dd8b","aab0f1dceb2cb813e347d09f9643fe2cd5201915","cbd748c6f0d4e49f2d0ea23dc4002d73325632b7","12093","27/02/2024","13/03/2024","incasata","RON","51009.44","9691.79","60701.23","",""
"100","5378f89e3315f37b92946421121e7f9aa1bb1fb3","7ac62aed64e989bfba3430d4523a3baa76a90df2","cabc0829376366721051fb6329037ece3e83254e","12092","27/02/2024","13/03/2024","emisa","RON","22963.65","4363.11","27326.76","",""
"101","f26d8f7a687b8d86aeb967ec821f1e363e6c9be4","31fb7c796b17fea55bb53f5662f1826f8992bff6","f872d0aa98bf2c2a8536f99d351f5bee2f2e0350","12091","27/02/2024","13/03/2024","emisa","RON","376367.05","71509.77","447876.82","",""
"102","2cdcd94e62474d70b5e02638183365d79575e1a3","45238a29747a11180b3d6fcdd955044969010719","5234cac45a141a1c711415758f7022a68cc8c410","12090","27/02/2024","13/03/2024","emisa","RON","842170.36","160010.88","1002181.24","",""
"103","cd0ac3f520db5c5e6aae8667c039b9674f1959b1","b4de3b2d77cda0b6e45f550fd0347228fbdafbf0","d7a0f9ae273d6e7215828dbe777230d9f1a2d578","12089","27/02/2024","13/03/2024","emisa","RON","1075760.18","204394.4","1280154.59","",""
"104","ff4286ddfcec8a532cbca04cf8d7872ef9f1108d","2ac66fc81423f3132ec00b6cf6ae28a4cc46cc5f","6a91598334e6313eac27f9d8295c5bb6974345a9","12088","27/02/2024","13/03/2024","incasata","RON","51290.19","9745.1","61035.3","",""
"105","ef9b635ecf22c5aca57e6f168abe8267dadc91ca","813e68272e4fb53ea4fb891da4e338a8e5854f36","c6ffb5a18e4f92bebd15c6534ed5191630c64100","12087","26/02/2024","12/03/2024","emisa","RON","49782.83","9458.74","59241.57","",""
"106","d6c15528761a4ba1683cff62c4f5aa552fdde42b","84fd83712c950ad281ee9831468fa167a7f93569","99d6ecb274999111c0869f9f3802d14f31a70bbf","12086","26/02/2024","12/03/2024","emisa","RON","28349.24","5386.34","33735.57","",""
"107","70acc084f9b759dbcf3218da1b1083fc426553b3","8a23e9c2a94d7b4c0993185605d5caa7cacf1f92","d5cb4fbad0ae771f69d088b53797561caca2f847","12085","26/02/2024","12/03/2024","incasata","RON","11200.0","2128.0","13328.0","",""
"108","212aebd1e41575b8903fcd3100884554d91ca450","97ef8ebf3af0d230478e9551c7c0dfa56335d749","83c41fb8264fbd6de568da4f5edbceec4fbcda38","12084","26/02/2024","12/03/2024","incasata","RON","228388.43","43393.27","271781.7","",""
"109","f39d3365bd135fe3fbe8d5b23144135327b2c6b7","552f3c5be1ff20a6000308f28d5207d1112b905a","60387c0476c478bd3201283fe60eb691577954d2","12083","26/02/2024","12/03/2024","incasata","RON","839434.29","159493.28","998927.45","",""
"110","737a35667667d52b8614b3bc89f92dec60e037c0","d917e32d2b5076e45733a160bff094cf51aff10c","ba60791a62f9daded21328928b7adf25d6ee0ff9","12082","26/02/2024","12/03/2024","incasata","RON","703735.26","133709.27","837444.53","",""
"111","ec11518b155b14baa66500e4df512cedd816d0f2","a18dc605c1d301e8cfe02193ac1d1d3923a403c4","b921a41fc985f576ef02e097bfa93c4f7c3e8e9d","12081","23/02/2024","09/03/2024","emisa","RON","42969.9","8164.3","51134.21","",""
"112","432e18e3c18a5640b845102653abb156f6ed8fbf","c6867b9f939d2e9455b1dfd88f51367609dd4d0c","bbbb71c1e8383964ff4b5e618fde18ffc9b484b4","12080","23/02/2024","09/03/2024","incasata","RON","144497.55","27454.55","171952.1","",""
"113","fd0f88630ef89daeb7b18dc06787556721d0609f","e316cc26ffc91be7c1ed953a6814acaa4cd0d031","8af763753a53c4d629ac7d623b91766299d6f8c6","12079","23/02/2024","09/03/2024","emisa","RON","884898.05","168130.65","1053028.7","",""
"114","a4d36895b91f4a2996f2faceccdb2e77ad70384e","7127408854ced11fa2df61f0f9a3d0a68fff0aba","0a63645f7d61c6670410d8b472745868a73aaf98","12078","23/02/2024","09/03/2024","emisa","RON","2981.51","566.48","3547.99","",""
"115","6eb7cc19118c4518d8b15ac602551990749f1fb9","938903856c200d04c2a435b856224c6ac522a6c5","b7a13d8fd191076d7726a690470f620797e9b9f0","12077","23/02/2024","09/03/2024","emisa","RON","76840.01","14599.6","91439.61","",""
"116","018cd47186e19ed365207d1b9f957ab9bc93ba2d","395bcdb5e59ca3ce211033263c7316743a08d4b1","ffccf4d18bcf65aeca44ecc5644331418503be92","12076","23/02/2024","09/03/2024","incasata","RON","12992.96","2468.68","15461.64","",""
"117","74672fe50d83e5e62888ba84bb89cd4fcaa31259","025fc698d0f0ea85fda23000e38d045f4129ebec","df76c6013dc94e7e472cadda8b5de816809bfb79","12075","23/02/2024","09/03/2024","emisa","RON","90502.71","17195.16","107697.78","",""
"118","31ccaf4b453bbca11554216827828c807ebe3927","7ad932d2e42936daddba0f2ee85cd90c6fa87f85","6b484916d836d0ef74279f1f544d125b5b930c7c","12074","23/02/2024","09/03/2024","emisa","RON","882.19","167.61","1049.8","",""
"119","993cc03f479bc0514dd13407718264b8f3e8f1e1","f4de381a9734d9883bdb68b35f34cf673082034f","ef38866fbf17e869ce17aba19a5b8e88d571c953","12073","22/02/2024","08/03/2024","incasata","RON","52494.22","9973.98","62468.2","",""
"120","289ed75c891f4a310857785c50147c9e0e394f73","4f1980e5c4c80620f3821a0d1fd0eda4b01c9394","77231f7c6f9ab809bfe1dabe2a5852e169526a7f","12072","22/02/2024","08/03/2024","emisa","RON","36570.47","6948.29","43518.75","",""
"121","378051cffa06d92fe3d5a797face857c1046ab2f","7362e1c765f24e91d8c4bd30420b2e2a5fcc217d","83b5cbb2635ee4f2d35e6238144eb7b479c57614","12071","22/02/2024","08/03/2024","incasata","RON","531.47","100.97","632.44","",""
"122","137dddd5edcb8c27de93666925c186737028fa17","fa3736b0434d111234d2d7f44c2f0c8ca74e36a9","b13a1332a2a6e42aba6a1fce5630c272d004d0eb","12070","22/02/2024","08/03/2024","emisa","RON","814411.46","154738.14","969149.61","",""
"123","1e0853811a0381de3bb946f3f7e3b3ca16ced874","5b70ec3783480e2cca63fc0e426c9c69058634a5","f32da4dcb1ee4566479824ec1603fac140dab102","12069","22/02/2024","08/03/2024","emisa","RON","326517.35","62038.35","388555.7","",""
"124","32e8654733c624cf400621e59b8633e8a1958b73","19936ac126f11a399846d15f428b75d81fd96e62","a2f2d68b9251b07545028439198c0344b83ad685","12068","22/02/2024","08/03/2024","emisa","RON","32559.4","6186.31","38745.71","",""
"125","fe294125ce6cf8ed294990d64025b55667b00b89","b312db8b745cf04d27fea06f0f8cf7f3d5d60d9d","002c39909c6b2adc5c9d6e40ae4ff8bcd9dae2d7","12067","22/02/2024","08/03/2024","emisa","RON","603690.17","114701.18","718391.35","",""
"126","a4d36895b91f4a2996f2faceccdb2e77ad70384e","7127408854ced11fa2df61f0f9a3d0a68fff0aba","0a63645f7d61c6670410d8b472745868a73aaf98","12066","22/02/2024","08/03/2024","emisa","RON","166334.7","31604.0","197938.61","",""
"127","1e08c4ac75bd5bb7406d639ac2369510768fb861","c2860fd9c14dd8863aca2de959528a0739fe24a6","783a36f04330d8a55e8c1f0b39736abaa2ce2173","12065","22/02/2024","08/03/2024","incasata","RON","318362.4","60488.86","378851.26","",""
"128","fa185d4578617cb454cd23c40af927ec226b3027","4835c459d55b274c764389cdedc64bb55f757e99","bb714fe2747a19f03f85dc545edcea538b66e14e","12064","22/02/2024","08/03/2024","incasata","RON","249848.71","47471.25","297319.96","",""
"129","4b109313ffa255923571b4b64474ac1d721458c7","52f0f4bb059a2fea374b2a5606c986a473e34852","14e8533409a0d138d898a20471472fc6832329c5","12063","22/02/2024","08/03/2024","incasata","RON","68747.06","13061.67","81808.73","",""
"130","b37e833f234e63d8f8455cf6444ae7fcd80cdc9c","3e62a967b597e8dbd71351b8b92c4ec6f847a347","37bfb4fddff7c6a21e7c337064a51f06606d25a5","12062","22/02/2024","08/03/2024","incasata","RON","83323.76","15831.48","99155.24","",""
"131","1c8e19a874c261b74eb60e3b492389e10ce61f73","e5f37cb14c062b451e9fac64e6b4ae4597d100d3","f438c8fc465610091fb493eee73b137f17a110bc","12061","22/02/2024","08/03/2024","incasata","RON","27084.0","5145.98","32229.98","",""
"132","74672fe50d83e5e62888ba84bb89cd4fcaa31259","025fc698d0f0ea85fda23000e38d045f4129ebec","df76c6013dc94e7e472cadda8b5de816809bfb79","12060","22/02/2024","08/03/2024","emisa","RON","179.2","34.05","213.25","",""
"133","18ac9c51fa23775b7f028ad8e432c2c664d482df","754479233f770730edc90a8d9e396c898b5a597e","62ed5b58dccdbc8ddc8f3dd589a10e71f01676d5","12059","22/02/2024","08/03/2024","emisa","RON","680317.75","129260.35","809578.1","",""
"134","0658b22872e9d59921c6444eb49e11b1705bef5d","163d8672b04819011ed35a453b55b27cc0045dc1","39d271c10be2fa8727f3c0d18d586525e09717ae","12058","22/02/2024","08/03/2024","emisa","RON","21910.39","4162.99","26073.38","",""
"135","5cd677ccc4e382b7616c4c467f41552c1236a31e","438925cffbfc361c92251ee91a43fcda5832448c","eb54774524b0a88285bc12070a4bbb689c76d32b","12057","22/02/2024","08/03/2024","emisa","RON","16187.86","3075.71","19263.57","",""
"136","5c2b23a16141aa3a61d125f43305b6e66aa84344","21d60a78e4bd84e30bb2a6851045005da8174dcf","ba5d566f52b18868f1580c9d31d4bc40eb408535","12056","22/02/2024","08/03/2024","emisa","RON","51209.57","9729.79","60939.36","",""
"137","9dc306906a7fde1222941229cee8fb521fe4ba91","60df740f77b6d6eb1eecbb688449488aa8f48475","6e7c98bdcb6941a204fcfc13957165da28064941","12055","22/02/2024","08/03/2024","incasata","RON","3620.1","687.81","4307.95","",""
"138","847beb39c35f9c9bb98d7235671cbdf26818e17f","d944fa50ea8f7d9703669cc742aa1290c5b1ac43","5752ba6c8cb9994f67d8d0e9f2d0eddd0458ca0d","12054","22/02/2024","08/03/2024","incasata","RON","9544.4","1813.42","11357.82","",""
"139","776a467bb9261426e5bcc23cb90b3a2c75c9b3a2","8e82b46812a61e082506306d252b4c16c009ae2f","b97da416710ebdfee45ef26a48b1a032842dbdbd","12053","22/02/2024","08/03/2024","emisa","RON","28516.44","5418.28","33934.72","",""
"140","adeb2d95faef5943b1b8acbb910f5e6f2f372eb7","34c753138545b4a064197c45a862d713e024a9d1","53f3bfa033188a9cc3ac6b2ad13d605e8609997b","12052","22/02/2024","08/03/2024","incasata","RON","32500.82","6175.29","38676.11","",""
"141","0035a100861a3513b14e4e6f4d7f6a48187aa3fd","11665bf6cf69dd99b63d8095f1e8c6786dca99e4","70ee25603ff01b9ee186a383185076de368ecf21","12051","22/02/2024","08/03/2024","incasata","RON","64700.65","12292.48","76993.12","",""
"142","cabb18386ab21d0a91848a1bd80b3ccc8ca5a1f5","195f39258c92a041707c7a1082c38128c6dd587d","461d1ff97652355c7b02c193b0b87778ec3b2adf","12050","22/02/2024","08/03/2024","incasata","RON","1706998.82","324329.74","2031328.55","",""
"143","e5ee1f643fe012da595e98abbf695b19dcfc8b07","ba0fe7c1f8cc6c93c05815dca54779772e48f517","fda189a785e3fec83d5469dcb2d570bbb783f48d","12049","22/02/2024","08/03/2024","incasata","RON","107827.63","20487.25","128314.88","",""
"144","ffc30ead2bc355662a550001bfeda2b666f8cb64","c3de399cbb854f8ccfb5bf67f4a6868eb652e9e4","fda189a785e3fec83d5469dcb2d570bbb783f48d","12048","22/02/2024","08/03/2024","incasata","RON","25092.6","4767.47","29860.07","",""
"145","e31d3916df2cc6d92698f686f53eb09edd213514","73b2e4539c145907dd1bad1f3414ba646ac5cae2","3267d1643288cdbc905f1fc111368b2b701d64ca","12047","21/02/2024","07/03/2024","incasata","RON","49196.55","9347.41","58543.96","",""
"146","ccb6cb8de0c8e09f56071d51857a986f5ed96c44","6027da54ba04bcc3365a506be1061827d547a246","6ae358d03301900c65a3e8a06934ee7656aec258","12046","21/02/2024","07/03/2024","incasata","RON","-109714.86","-20845.45","-130560.31","",""
"147","3696cb0328b2ae71aeba087937b8faf4c7990716","9c6fa3c50a7ad64d53d87d050e2eec4c9d43c89f","917fdc5ef5f9967f737d22c9019e6f44684aaabb","12045","20/02/2024","06/03/2024","incasata","RON","496635.5","94360.74","590996.24","",""
"148","9d5e61ca726827b37e6e9ed3787f785d4306cd2b","745b9b07113b781ced4dbd60dec076308c5c40f5","9a3fcc421c3854f17266c6049a58cd7ced5f7177","12044","19/02/2024","05/03/2024","incasata","RON","595836.48","113208.94","709045.42","",""
"149","ef2a8687695f3f5ffe35024abec3dfffd405f767","0919effe041add66ad4f43365c4c143b4687fbd3","884171b6cf1b6e9a8a611903f95be5459fd38aa3","12043","19/02/2024","05/03/2024","emisa","RON","9129.33","1734.57","10863.9","",""
"150","50510d0b5c8afd9b8424a6d5fb3ff7d80a7dafef","9b428185087302b1b8dd704eba7fdf0612aba876","5bd5271b749b0b3ae1f3919aea5087199a138d29","12042","19/02/2024","05/03/2024","incasata","RON","204441.6","38843.9","243285.5","",""
"151","7f16e9057922dfa4157250336d07ddc668af5448","1f8dbbfa9fecf7911934f79b8dc651d2818ae537","c45a58b1ff03a2049ee90dae314dcd0610aa6bc2","12041","19/02/2024","05/03/2024","emisa","RON","106727.58","20278.25","127005.88","",""
"152","c317e5700b1fc23e68b61ff95729206c9c77be43","8d82ee12ef256edd64c31b104d1ec052ef69893e","caac5264279de0b36af88dd488356b1f70ae13ae","12040","19/02/2024","05/03/2024","incasata","RON","7297.07","1386.43","8683.49","",""
"153","fd9119b1ebd4d2c3b6b3a86ee8771ea3bf720014","c94d148c975461a7c7c5cdcceabaef42b632ae95","dbb0f10e6b64b27d7f98d139f9a3024950459993","12039","19/02/2024","05/03/2024","emisa","RON","171174.87","32522.7","203697.57","",""
"154","0f04c0ec033045b0f9b87bf984b5c96f731b081a","f3b4f3ab873b26d58278bd8f62462ed972d6ab30","38697ae43b4d28b27d73fb865319669aef58ffc2","12038","19/02/2024","05/03/2024","incasata","RON","232925.45","44255.86","277181.31","",""
"155","d7a0b70add52883504bf264daa0062bb91c0111a","9a89336bd68f0fe687d9f4bd4c3cddc94a450343","ff282bd61184323c5d08a80f87357d9d9512a763","12037","19/02/2024","05/03/2024","incasata","RON","86701.47","16473.66","103174.38","",""
"156","398155c619011cbb02e17684e7f9942ef0d77532","db0bb1bac8047f6e38f0dfa145adf7cc42cf7266","3645848e4fb6b5ad5efdf3e172d330dbeb1c401c","12036","19/02/2024","05/03/2024","emisa","RON","442.88","84.16","527.03","",""
"157","ad5223e7d378867d06c8fa3050c0cc412e365059","d8d61cb3f99c7d0ce3de5c5b54a6711330de3c28","b3a20c3d0199775b0b689cc6ff5fde11eb0f13cb","12035","19/02/2024","05/03/2024","incasata","RON","23751.09","4512.86","28263.9","",""
"158","4903b1e2db5d4e55ade4b830b567ab029798349a","feaf5ee20bfe4b47a56446add1cfab38efeacbdc","871ebb45bf2fa801fc83f3ba21030591ce5b57ce","12034","19/02/2024","05/03/2024","incasata","RON","491.3","93.35","584.65","",""
"159","85bea70944ca844bc98d28d348aef3968b19751e","94513e462f4bcbe014fd3f89affdfa0c46b01b7a","45b74f9acdaab5b0f8069663af75d59dd50336fb","12033","19/02/2024","05/03/2024","emisa","RON","761314.96","144649.88","905964.84","",""
"160","6cbc2b22f8a4700f29502eed5455a1bf072e19e8","e23aa020c584b99fcf153b8c865808177111fd6b","2a3d8e0d8334ceb6a94f96c0b335e6696362c464","12032","19/02/2024","05/03/2024","incasata","RON","830064.49","157711.56","987776.06","",""
"161","7e7a57203e7a1c942af52c53b2519f1c0980e425","a2da639c3d990a086dd3f0184f862227e5098a80","cb9b15393339d167c07818571797c05a4f8fed35","12031","19/02/2024","05/03/2024","emisa","RON","1947158.23","369960.07","2317118.3","",""
"162","95531c4b7fe6c50033ec3332c1eb3bc075013f46","40e3353d7e3b547f81ade1aa5ab69f1e70e512fa","9afa2cc7bf92bdf4fa68fbe1b23c5a10510f6b95","12030","19/02/2024","05/03/2024","incasata","RON","25781.94","4898.58","30680.52","",""
"163","cf7a21e8e08745f105ed5c225138289740384b27","bbd2f62ce32c953f545623cc219c89ff0757f616","19d228703caf433517f2e2380062c65978b71f6a","12029","16/02/2024","02/03/2024","depasita","RON","43405.69","8247.08","51652.76","",""
"164","c28c401c742e0bf45e0662009066a97fb578ad23","2297f1766d6886cb65a858e4ebbba8150fa3eaa1","118eaa83a717c23aff7629d395965806722a7219","12028","16/02/2024","02/03/2024","incasata","RON","99156.99","18839.85","117996.84","",""
"165","0ddf4d9b65ad1ffdedcc4b119a38784c118130a7","412cd32b8999ebda53c5d394e5aba38348155561","1396fbc407802c8c6669f601bd72a5fce5f56071","12027","16/02/2024","02/03/2024","depasita","RON","54975.13","10445.29","65420.42","",""
"166","6265eb2afc1b79dc3f9947cf48b596beb55d47ed","9093eee9ff42f4e80378bd0b272af0b3eaa548bb","d29ec728c112b7a63571f163c73d974ad218f8f9","12026","16/02/2024","02/03/2024","depasita","RON","4199.26","797.85","4997.11","",""
"167","54fb763421a056470a16f125f1e0c12ca860332b","4c2c063ef7bf37c976091eadf150e53f33c7b1b8","83d7e71bfbaba12d9bbc46946237326dac346666","12025","15/02/2024","01/03/2024","incasata","RON","2666.92","506.68","3173.63","",""
"168","b851d3388175d5483400a617776a304e5203dd1d","302fd6be28dffe440ea6d4b056c048b04fbbf60b","cb97695f12e2d4a5acbe0cdbaac2d8451a7f263b","12024","15/02/2024","01/03/2024","incasata","RON","158353.12","30087.11","188440.22","",""
"169","7cb18b97bdd1535dc66deb5b954ac63097636392","adefde5108dc25a24d43c6cb2c055e6dd8768099","d1f9e99f33fb743a3fc366b5489bfbb36f5bd21a","12023","15/02/2024","01/03/2024","incasata","RON","329144.67","62537.87","391681.82","",""
"170","773561ba69748fc758b3166a83cd31319e98fb2b","d7250d3e938dfc2814dcd4e5d67730c385b8770d","fccd752792f6cf3127f7ce58593a59f609277e62","12022","14/02/2024","29/02/2024","incasata","RON","17743.31","3371.22","21114.53","",""
"171","de6ea7f501cc9735c2c4b1299109fd2598b043c0","21b318d58940b08c3e292103deda488a99b9872e","a71f21617af05e9cdb51bce771bbf1762d0072d3","12021","13/02/2024","28/02/2024","incasata","RON","125884.56","23918.1","149802.66","",""
"172","98f1bcddae3322c7d82a27b094bb632d35b5c1df","0c93e5c0af84d87145fb143f3948cd5a86109b2a","404702d7326c73de506618901017e6185eef2670","12020","13/02/2024","28/02/2024","incasata","RON","119536.2","22712.12","142248.39","",""
"173","36c8eb5449be5b0fcf7c378ae2e001bb52d8b250","c7b301dacaf83d852bc8fcdae3470c3e80d3eae4","9e85953ef944ad1f9061cbc1c3eb0e25b71206dc","12019","13/02/2024","28/02/2024","incasata","RON","857980.8","163016.35","1020997.15","",""
"174","4adb0b35d5d4ec09f7267ba9c9b20c977aae429a","b583dbe19331282c534e03777569a00912adffdb","3254d9f76f086a2f8f9506c530384be81b795361","12018","13/02/2024","28/02/2024","depasita","RON","5134.48","975.54","6110.04","",""
"175","71eeb3041277c33c8f5c1d3dc9085e6a9d760601","8ad77413793e0508e7d106c8cad69c64b532f8c0","03607a23ed1bea2521e6a6b8f821b59c8954adfc","12017","13/02/2024","28/02/2024","depasita","RON","274990.2","52248.32","327238.52","",""
"176","9dda390a477cb07606015562cb27b5f07b005253","4e3e897229edf2855edc18bf3dc4badf10817157","550f7bec060a5efa61584aad7075724d9107d9f8","12016","13/02/2024","28/02/2024","depasita","RON","76852.38","14602.18","91454.56","",""
"177","c68337d02222948a79fd25d70b03e22917dcd712","37aec75ff84d6b23bc8223b2a655c07561e7228a","51387f246ab6b91a462aebeedb19005f1ee4e0df","12015","13/02/2024","28/02/2024","depasita","RON","11113.2","2111.51","13224.71","",""
"178","3a6f33c0b7b07bf63e5c4a1d7ac2506f072bfb4b","f7415b4778e7da6b052a82404bc3076380c59e51","41b9a8b0a1fe39f6285c88b0559903cc61e1eb13","12014","13/02/2024","28/02/2024","incasata","RON","254527.05","48360.13","302887.18","",""
"179","46ca8b84f3b52a343cc51cf1c92b91e53a74b5ec","0e0ca01368db4fcf886d02d3deff016d1d579ca3","0775af6e8c93adaddcbe8f5c3a8acc87af6b033f","12013","13/02/2024","28/02/2024","depasita","RON","3125.0","593.75","3718.75","",""
"180","5032ff254b0662ca28d8c6c1cb963e17a5b85f63","2bd9cb0d6fd1d3bb8609f5508bc31458335cfc4a","693c27156d6f680f6fdea1064b60f03b1cc4cd97","12012","13/02/2024","28/02/2024","incasata","RON","109.74","20.85","130.6","",""
"181","fada7f9917943f5771b0f9fddd338ed0ec1dcf68","c4ec0eac5c9f83e9a480b10007eb21299fe658ea","86363e39dfb16ef3aa041ca57c4d544b2dac83c0","12011","13/02/2024","28/02/2024","depasita","RON","11973.15","2274.86","14248.01","",""
"182","b663a935c15aa44293bb134bd93ce24af29575db","5ff6f9384760c35301cb50e00b03ee6aa4416525","91937a5bbc76142dda6a5059fa909b1caff85155","12010","13/02/2024","28/02/2024","incasata","RON","50377.19","9571.84","59949.03","",""
"183","ec11518b155b14baa66500e4df512cedd816d0f2","a18dc605c1d301e8cfe02193ac1d1d3923a403c4","b921a41fc985f576ef02e097bfa93c4f7c3e8e9d","12009","13/02/2024","28/02/2024","incasata","RON","15317.47","2910.33","18227.8","",""
"184","28a66fb1ec3fccf23c00740eda5131286d63ad34","3c83cc4137c9bd2cdd313f101aecc78c454ca8c1","1b8134be5a9cad759b0659dfc4b5e43a09dff1df","12008","13/02/2024","28/02/2024","incasata","RON","127042.4","24138.06","151180.46","",""
"185","b9466e55a571485fec25738774f1da37da4af060","90a2812075440f269936833f296e6c683a80d117","b41bf555b8737fcfb04ff5fa5f70364853c451c0","12007","13/02/2024","28/02/2024","incasata","RON","383186.74","72805.45","455992.19","",""
"186","60def4b72a862ea8d2674e99c4b8d39450397142","112e9f353f9d95163f9833fd236065c5b5ae3ab2","d8fc52426ddd81cf7696cf66b57122c26a7067c7","12006","13/02/2024","28/02/2024","depasita","RON","56036.08","10646.71","66682.73","",""
"187","22c046114c80b1c1e01357f270ad3d6d61e7eaf8","babb056d5d00cdf7f09fde3475733862cb98dd7a","8f7b31b739c198aa35c45a5e9ed3d0c19fad14c5","12005","13/02/2024","28/02/2024","incasata","RON","307360.05","58398.4","365758.45","",""
"188","20ad335a8ce825477519d26cced528107fb976f7","6d1e8090aaf6ab60300b890c1ea15dff53e20af7","e84cc330b337e8f2a7de271837963e20297d7643","12004","13/02/2024","28/02/2024","depasita","RON","26962.54","5122.9","32085.45","",""
"189","280fdfe629637c47cb746265a1ac973649f90256","eb22cf74f63299c91a0ae1a10c8226b3255e1efa","9b6ee7ddbe202e31bc1aa26f7994d13ea7db21ec","12003","13/02/2024","28/02/2024","depasita","RON","9676.51","1838.53","11515.04","",""
"190","2d6df7b2f3d3da72f76d8ab2447624dc415b2a66","e94e9214d614b370477bc0426ed9a5ed3992f280","e79bad6d283a3aade1a531e3c4298ddd87d33281","12002","13/02/2024","28/02/2024","incasata","RON","289.4","54.99","344.4","",""
"191","5032ff254b0662ca28d8c6c1cb963e17a5b85f63","2bd9cb0d6fd1d3bb8609f5508bc31458335cfc4a","693c27156d6f680f6fdea1064b60f03b1cc4cd97","12001","13/02/2024","28/02/2024","incasata","RON","1000195.02","190036.82","1190231.71","",""
"192","28a66fb1ec3fccf23c00740eda5131286d63ad34","3c83cc4137c9bd2cdd313f101aecc78c454ca8c1","1b8134be5a9cad759b0659dfc4b5e43a09dff1df","12000","13/02/2024","28/02/2024","incasata","RON","2045.21","388.59","2433.8","",""
"193","22e06166d16ea81b28e0bdad8f8b8c6562455313","04693d17ba9c49c0bc1e5a1ba71aec14132809e8","f0af6d9f4b059c4a53c2f5e1e7a57f83af2e8461","11999","13/02/2024","28/02/2024","incasata","RON","12880.13","2447.23","15327.37","",""
"194","6b6f8596d144178601881e7c505225d0088a44f5","46c8a9085b40da957ac9b2d77d86308ddc5ef1d2","d79c7d6ff792172aed35e1c30cf4dbdd915e0a60","11998","12/02/2024","27/02/2024","depasita","RON","1852.2","351.92","2204.12","",""
"195","03f6e56337c54570b0bee10ea9bfefd14d36cc4b","4f1937d9b494d016cfa7641c8fa10211a3d28653","4cd4b0e47b1cbcf05e2d15f0afeed895a4c2c672","11997","12/02/2024","27/02/2024","incasata","RON","948700.28","180252.99","1128953.39","",""
"196","7b28ffe58a444a6e52f309e8fb436d74dd79a8ce","5da5d7ccb5968cabbbc0b2e582a38ca510656fe3","ec709fcb74ff550d9f11804696d378b09ca7ce96","11996","12/02/2024","27/02/2024","incasata","RON","71884.8","13658.11","85542.91","",""
"197","2ea7767c27a4b62d2e8c4cfab68d7c85c4b082c0","bfa45aa86f808b3de1f7c4d0b9e540f7a14f5bc1","e7ebd3c34fcab046bbae2c620e6798d467279c0c","11995","11/02/2024","26/02/2024","incasata","RON","-84596.28","-16073.31","-100669.59","",""
"198","0d2a2969a19054ac80e5ea76dfde2a445a60d4b7","3eb0e8dd67e05279bb58a6e5321aa35682020b33","554e1b5c8fb2098b91154f688226b596e9de2cdf","11994","09/02/2024","24/02/2024","depasita","RON","171544.2","32592.9","204137.09","",""
"199","1ebfbd7ab54d8e3797a42566056ce92e81bedbf6","3f5eee2c9b7d09d85eb8f9efde89b809900b9aea","1d3d8a71587358338f7067f455752958fc380863","11993","09/02/2024","24/02/2024","incasata","RON","280282.27","53252.9","333535.18","",""
"200","905109ba7e5383785b16cd7e1bcb838093224a29","dcbec773c50f23ae75699e69a2503f809052f81a","0e987bb017e56b75d82e66145d28e1d4f29203f1","11992","09/02/2024","24/02/2024","incasata","RON","231119.89","43913.45","275033.22","",""
"201","a51d25c43702358fc9d0afe7f5ef538b16761f32","9fe161f7ff18c62dd19d38505552ff2992193700","d6c1540655d8d233a1a47a1370bb4a1f6eb63199","11991","09/02/2024","24/02/2024","depasita","RON","326106.45","61960.22","388066.67","",""
"202","7eb68561fab8172002b8ec8dbfc580c1646eb915","bf301d5d63763162aec37df0a59939e5afe23805","eb3ba1fc7b5d546833bda9dfab33a7c7a2b5f601","11990","09/02/2024","24/02/2024","depasita","RON","80063.11","15211.97","95275.09","",""
"203","3dc0a4a65727d92743be2bc5322d6c6efae398dc","dc21b8142e981685f473ac7ed26bbb73ec87b599","61adecde89da5fc5e53a6837ac8d4d48c5c242aa","11989","09/02/2024","24/02/2024","incasata","RON","309.09","58.73","367.82","",""
"204","e6dbc6503929a3dda5432247159d06dc599e4f94","76ea1a37459a27e7d9c52f0a58e79ce311723a2e","6cff0f2714d145693ce80fbe65e554729298cab6","11988","09/02/2024","24/02/2024","incasata","RON","3843.87","730.34","4574.21","",""
"205","d62fb40099b67717b31863bb9d9ab224a3e7683b","89987583c21c07e93f801b5bc72938b0daa282c5","87e30cd691e4497ebb34858440f95e1feeaef320","11987","09/02/2024","24/02/2024","depasita","RON","64813.16","12314.57","77127.73","",""
"206","c30082a3f6c5235c3c707be1f1e773e6b2989ce0","6bb9914e33a16ea6ac8aed378c1e49447c7e6997","804755f2a36491ce29e6b0d2649d0df3ba317a24","11986","09/02/2024","24/02/2024","depasita","RON","161364.05","30658.78","192022.83","",""
"207","b9466e55a571485fec25738774f1da37da4af060","90a2812075440f269936833f296e6c683a80d117","b41bf555b8737fcfb04ff5fa5f70364853c451c0","11985","09/02/2024","24/02/2024","incasata","RON","1060039.94","201407.81","1261447.75","",""
"208","8daa5c808ce758ef2c78608697da7fba3db496b4","150da544a949eeff99e4eaca9ee06d3d5c361bd9","92b0fb9477d1fb13df1872443b14d9c1ee66597a","11984","09/02/2024","24/02/2024","incasata","RON","272787.61","51829.67","324617.28","",""
"209","377ecbc9eb9e5ce49707e6aa03cb75eb74c9aa4a","520eebfeb5fee60e73c4864c4a1cb367eecb18ac","bf91037478c42e1c7dcebd966623f3e342a0e36a","11983","09/02/2024","24/02/2024","depasita","RON","28697.81","5452.58","34150.39","",""
"210","3d545f5c03ee98cd1a81520a54bb703563572968","fa5c15d3d17f090ebee35c2b8381571235243a27","4c2fe4de6b3bb8738c5768e6c7d49a7ff92e68d5","11982","09/02/2024","24/02/2024","incasata","RON","26910.92","5113.05","32023.98","",""
"211","5ba86716a5c3f2e485b5308447013a519c4acf67","25ff69418c97968c7ff942c4ef5b44697ba1ca70","68eb52078b014de33e8f290f1c67b449b30a1962","11981","09/02/2024","24/02/2024","incasata","RON","20642.51","3922.05","24564.56","",""
"212","c63950c6f1272c80456c4aee7d002b26d3e89503","6a4a9b6ff813f3d3d0281ee4092ede142b4242c0","17dda116a52e17a2afb7e226d935b9d099164037","11980","09/02/2024","24/02/2024","incasata","RON","588754.5","111863.32","700617.82","",""
"213","2f53f6856c41ac7ff049b6f5b0626139daf38da1","ac3c4e7ac959416becaaaec84be519a29fbb63fb","0f2d46c72f896180626a1ef129afa7493e02a4eb","11979","09/02/2024","24/02/2024","incasata","RON","898.42","170.69","1069.12","",""
"214","ef96d6a613b1eda3b6b44450d532375c90f75645","b87834a6ddafc0417d53aca5cc75b22222c196e6","d08ad01f44427877d734ab7724a672964309f441","11978","09/02/2024","24/02/2024","incasata","RON","2675.89","508.4","3184.27","",""
"215","3c27f55c34f52e53c08a89beb886cd8ca2c8e047","ef5984b478a9a2fd6f495d17a9e00e40ef13b14d","a9dffe214637bac7aaee9b9fadfc8b6073735141","11977","09/02/2024","24/02/2024","incasata","RON","83187.5","15805.62","98993.12","",""
"216","5227179a08a3d4376190e4e623a0acbbf91ebfb3","f91f2b32c872d5bf3cc52b9ed22fc23b6cb38db0","ebe00aeb0746e5bf9a95ff269ffdd00f36db0b9a","11976","09/02/2024","24/02/2024","incasata","RON","10566.73","2007.59","12574.36","",""
"217","6ec84d73a5ab2939c0f02ad42b7a79aa05e529ee","7c8092054134a679030e2edb0860a94df609c258","6f76efd1b5ffa94f7ceb122c17d1db075086d0d9","11975","09/02/2024","24/02/2024","incasata","RON","213574.28","40578.41","254152.69","",""
"218","3566c0948afa47f75ccdcee2d10892f2cffbba60","4dc8e04e49b35013d6e2c1d1a4b99490eaa68ca0","582c69d1198b1284b9f92b2e7e40a98a3a7cce4c","11974","09/02/2024","24/02/2024","depasita","RON","345816.78","65705.22","411522.0","",""
"219","27ad5f916224c7be981c07205a1f1b81f2f3b41b","81dcc7fdee322548eeaccc56364b00663416a2cd","fbec960b9e63d5382f2677bfa81bf9d83f1cc8f6","11973","09/02/2024","24/02/2024","incasata","RON","298007.16","56621.93","354629.09","",""
"220","853cba321b3e47902c8a367d5b1a84601c6832f2","f8451de320e1e9e142700c0a704702eb52b19b74","3ad9457faaf8041f6368a2a44c7cc86293feaef0","11972","09/02/2024","24/02/2024","depasita","RON","165194.12","31387.27","196581.3","",""
"221","8a2442d107344580b3bef101dbfe163b173d1b50","b141197c3ea4bc17fb2bbdba0bf8e2cbdddee567","cc76a2c5d3f178afaccc58b5febbce223839888d","11971","09/02/2024","24/02/2024","incasata","RON","1987.67","377.67","2365.32","",""
"222","2926c87b472d7d915c97b6a90974ab11cae7e79b","ccd8b364553aeccb0cde9c7dc335a36d1f8dc729","9ffc79c8adfe7c27ec6919ee60145f26c92cc7e3","11970","09/02/2024","24/02/2024","incasata","RON","685296.6","130206.39","815502.99","",""
"223","0576d3e809cecf267c9890aed9f75ddeeebf536f","c5b7ad85f691aab98ed73d446e673cbb5a349ad4","90d5c42a4696364601907778366eb70f229f9637","11969","09/02/2024","24/02/2024","incasata","RON","98210.78","18660.06","116870.84","",""
"224","582f865c748a8e782402bc3b26afa6a522d72bc4","1d1b6853ecf6cdaa23616c04e19c1186ae7cd208","f14d35fafed835ba899d2b7cf29d9987c149f5c7","11968","09/02/2024","24/02/2024","incasata","RON","41912.76","7963.34","49876.14","",""
"225","edf64960b7e7055966d82e8afbb74c52e5e21c9e","25dd72e14f887b22b61e0ebbdce9b1c36a236569","a6b7931728a4864f7cb8d986e0ff074d59e7a5fa","11967","09/02/2024","24/02/2024","incasata","RON","57868.89","10995.08","68863.97","",""
"226","46d12b6e839ea68b208f761a232957ecb66c1e6f","73fa3505185a191c0d15e1ebba7ac56630299ce1","48f56f3023d24a002e04775b5f6a0415c358934a","11966","09/02/2024","24/02/2024","incasata","RON","214.01","40.67","254.68","",""
"227","b24e8fe7d4b38ac256cfaeec06c4268d4a9e2f27","104f09be943d30ef492ad3137b90c4d069727a47","ade18678a25ec541aba83a02266de1299e7f45a5","11965","09/02/2024","24/02/2024","incasata","RON","2572594.56","488792.97","3061387.53","",""
"228","8a2442d107344580b3bef101dbfe163b173d1b50","b141197c3ea4bc17fb2bbdba0bf8e2cbdddee567","cc76a2c5d3f178afaccc58b5febbce223839888d","11964","09/02/2024","24/02/2024","incasata","RON","437943.59","83209.55","521153.14","",""
"229","0a625e34266d3ed126ec7d629c63031374caa63b","43157c92649a35f977ef6f91e209ed9d77bba37c","7e45ca18e8c3113c4496f50999493c879387464e","11963","08/02/2024","23/02/2024","incasata","RON","8317.85","1580.4","9898.25","",""
"230","94d2d7103f8ab3ed21b281be37e30e186a1dda97","41c00202f9dbbfdc38c96d59289a308d719b26cc","1be057819191f254f517e0596ba47bf427fb485d","11962","08/02/2024","23/02/2024","incasata","RON","190537.86","36202.17","226740.03","",""
"231","58d2173e44209f2cce3c8c9f4744640a6076a52a","939d2907645b630ea9ca30a5c5ef56d171355cc1","1dfdaea4b71644584d6615b15276a4efb7d154fe","11961","07/02/2024","22/02/2024","incasata","RON","194484.12","36951.82","231435.94","",""
"232","dad4939eef00dd262f5f7f4f756685a9d5fb1360","0ca5fd8895a8ba47d14b1a4a9e73d8ea365c9ea4","4e9625da706b01c538fabeac575f43c0a3a19370","11960","07/02/2024","22/02/2024","incasata","RON","621584.99","118100.35","739685.34","",""
"233","14b43aa6f6f4b7bfda6239956f6dbe176eaf080e","c7037b97c13275a3ea3a14aa4c14851fe271ce48","1d1421901ac6fe5873e2764188fd2597c5d009fd","11959","07/02/2024","22/02/2024","incasata","RON","251763.1","47835.02","299598.12","",""
"234","1999380a7985f0ba6a66899482614d6fec95f03e","e42cd2cf74a446400e90d854c9f23790813cf6f4","5898cb8202dab52fbffc053468ddebd8584af1cd","11958","07/02/2024","22/02/2024","incasata","RON","1572.25","298.72","1870.95","",""
"235","c6cca2586da75b39e1687ac1ac5ab2e66dc22cec","dfa16070b069e06f885ee54af04653fbd3f2cebe","dbdbcde50179fb2bd7f13f4551d094d6d656ebc8","11957","07/02/2024","22/02/2024","incasata","RON","2787.15","529.57","3316.71","",""
"236","5032ff254b0662ca28d8c6c1cb963e17a5b85f63","2bd9cb0d6fd1d3bb8609f5508bc31458335cfc4a","693c27156d6f680f6fdea1064b60f03b1cc4cd97","11956","07/02/2024","22/02/2024","incasata","RON","554406.25","105337.22","659743.48","",""
"237","300491b3b9928957f8523d05c6871e4b382a9172","ceef1cbd8d6c9db6fd6b389e6825a5855c032fc8","f2cf99f831489ac3118cb20485df10ed686b5c8f","11955","07/02/2024","22/02/2024","incasata","RON","126822.8","24096.33","150919.13","",""
"238","f640d9e8bedbe5b666f937a865d416499492142c","baa7e0587d867131e8da82c2a5f7274d4dd9f6c5","c0db6e6f0394888aea2489b98498ab1102a2c539","11954","07/02/2024","22/02/2024","incasata","RON","220057.17","41810.68","261867.94","",""
"239","11932c878a44c33ad34355dade31e9c0bb94e000","bbb347c9c5a2de21cab67f27d18404f6a6846f5f","a1afe2989329354016e8969b3d8ba8c2f098c3b6","11953","07/02/2024","22/02/2024","incasata","RON","462087.65","87796.66","549884.31","",""
"240","dac330192ea8dec468f255d53432d20b049adcd3","426ca9c719afee31c1f5923422d9550f89327e02","a1afe2989329354016e8969b3d8ba8c2f098c3b6","11952","07/02/2024","22/02/2024","incasata","RON","43.9","8.34","52.23","",""
"241","7d605802476f36ffd724c028fbaa312ca79b0755","585fcf49de137114a920d052d5c6554ce8b3531f","c89b6c35d6da6cd66319f0979255af6649455783","11951","07/02/2024","22/02/2024","incasata","RON","67682.61","12859.45","80542.67","",""
"242","b4ec414fcd9e7219220863fabd3d0aaf3e4d3016","9aa13a7382a4c666f67452f01de75010711f04fb","1b766335f7af17bf7782713253e587b5cb331e1d","11950","07/02/2024","22/02/2024","depasita","RON","1757.6","333.94","2091.54","",""
"243","b889173c15c29e92fb683e8d969547d4a2706438","6ed20d043f029cc700c4971689b6a7a910721092","71be7f33b64c3cd06a22a59cc3266e5d319baedb","11949","07/02/2024","22/02/2024","incasata","RON","51010.26","9691.94","60702.2","",""
"244","331e2f9449be25c812777b8d3c322ff3fe6f37ac","eb958a35d60494612f77255f7d003932e1d6e720","b44f185cb2774a3263e7be7a5b5b07f98cabd891","11948","07/02/2024","22/02/2024","incasata","RON","25504.72","4845.89","30350.61","",""
"245","474119542bc01d8f40a53fdd610af7eed8fe6610","4be978c3797f0550da6e0e6c94f27d7750ce4433","776ed840c4c94c3463b7ca93679504b620b95aa1","11947","07/02/2024","22/02/2024","incasata","RON","1477090.45","280647.12","1757737.57","",""
"246","2d87a47c3badfad82c7b538c4a9d6285785fa8f7","4be978c3797f0550da6e0e6c94f27d7750ce4433","776ed840c4c94c3463b7ca93679504b620b95aa1","11946","07/02/2024","22/02/2024","incasata","RON","-814849.2","-154821.35","-969670.55","",""
"247","1e8068b342e8f3754bf4896720f6361774844be7","d01288f6121390b60205e836e97987f73f185f6c","515e621d21791b1963bb85a60602ecf3c3c3ad62","11945","07/02/2024","22/02/2024","incasata","RON","13668.75","2597.04","16265.79","",""
"248","49dfc2233d98579a365b50ccd37b11c2a7d543d2","9435d939d54cffcfa8787bbbe18b2351bdb545f9","a9d4d0cc2dc1d30bd3a33963ce2987f6b3832b9a","11944","07/02/2024","22/02/2024","incasata","RON","5618.19","1067.46","6685.65","",""
"249","89feec21b1467489ffecec2e6378927ce972074e","39ed0a84cd4a4f9c4abfe29ce8488ac895d25b4c","49e52aaa2095d59ea8265a7990d2b22cb78eab8c","11943","07/02/2024","22/02/2024","incasata","RON","265099.11","50368.88","315467.99","",""
"250","84e6ef5e75833636c678bd5ef280a82e91678dc2","0c0ef37637d1e88618ad95e04d02e0c4c6afe27f","cc73e18eb994fa1d784e9c551b55d85ca621b3ab","11942","07/02/2024","22/02/2024","incasata","RON","40733.5","7739.46","48472.74","",""
"251","e8ae5afbfb49c29e055f275751d43f06395d1866","58e5bc68d34ea5f38d99142e173f16bfbd4d6a9b","0c37c5031fc399538b7ef7f4cbc15ddaee996cc9","11941","07/02/2024","22/02/2024","incasata","RON","284765.62","54105.53","338871.15","",""
"252","7d889b5099a0955c0a43a0f7b71dc6e53ca863e4","6d43865eee1af9a350bed3d4e112fc87f665b6ad","0ea870c610e671f6955cfcdbfd046f14a46e5323","11940","07/02/2024","22/02/2024","depasita","RON","10143.12","1927.22","12070.34","",""
"253","f7d272734115736afeec933a9f4d8ff6052520e0","2bc5c3d52c0cae6e3bbfbbb804756d6328e6bf22","4bd9b1a75e5fa059525f9cca82d682d109f6b3a0","11939","07/02/2024","22/02/2024","depasita","RON","5726.58","1088.06","6814.64","",""
"254","b91ef2c24a2733db97dd739910f5827e6361b363","95bd79eaa0247cea481ddb62f26d666db73f5e26","adfb2bb2d6b68bced3f8fb7916df25adc8c51d7a","11938","07/02/2024","22/02/2024","incasata","RON","559452.53","106295.93","665748.46","",""
"255","ccecca30f9d011260d93fb571241efea2b3b77b7","010e08b0b2076022cb6ae6f4ddd4b8470b169430","05f785fa8316fcf7b440e9bcbbe1663a0e6df63c","11937","07/02/2024","22/02/2024","depasita","RON","550130.23","104524.7","654654.93","",""
"256","544dba4f4dbd87bfcc7a46ad3497ccf9a4349ce9","f3d25790bfc7dc593a13d8af524f4ab4512d6d89","832414267bec0f62c1af8ed509458fedaf4943d5","11936","07/02/2024","22/02/2024","incasata","RON","166.09","31.56","197.65","",""
"257","6a5622d317b849866e987a7828d4fb8bcd9061a6","9dbed8542a9763d93e47d07d4b84629912e772bd","587afe57961c54f5e3ce0aa4efb05c258989223c","11935","07/02/2024","22/02/2024","depasita","RON","119606.48","22725.25","142331.73","",""
"258","89b37fc0e94f4432a596c5472dcbfa9a41798b2f","97021bd608d6ff84729b60ed2154292f976cb68b","47716cf76c51c93cf4d8813586a2f1867d204056","11934","07/02/2024","22/02/2024","incasata","RON","29266.8","5560.69","34827.49","",""
"259","2abb192d40fe137b70890ed0bdde4bff16a7a37c","6a140c59eaca2b1725e838133561c5e45b817802","b9c41ffd5619630806ea5898fea42d1cc50e55ef","11933","07/02/2024","22/02/2024","depasita","RON","183.76","34.92","218.68","",""
"260","2a1e4ed38c0c3b4192898e709a67fbec95c253f7","0062430a1a60085b31f793a8829507e7b0f36af0","6bc57064006a1bdb70df35ca1acccbe09c264a37","11932","07/02/2024","22/02/2024","incasata","RON","18414.5","3498.63","21913.18","",""
"261","f3834ef42f45c78b2b30c5eac67fcef750c8335f","9ce8e57b4b9634f7d09f985306e3a920a6abfd9c","e06d0b7efbb3b918aa70b727a9b178eacfb70310","11931","07/02/2024","22/02/2024","incasata","RON","94744.31","18001.44","112745.75","",""
"262","33fa0bf8a55a89626558a5822e02d0845e7c6fc3","68ce341efd0dfad1c10f29b21618b7bdd2027586","1436856b21af1e7c1abffa9c319e328d88650b97","11930","07/02/2024","22/02/2024","depasita","RON","35576.47","6759.73","42335.82","",""
"263","9992c5ac2d7ff7717ecb7c8d86909699d167b113","9dacb58b92567e24d4f76e3a12594628ba0edc32","cb147dfd311e0df680bdcdecaa86eec006a3f0d0","11929","07/02/2024","22/02/2024","depasita","RON","53913.85","10243.87","64157.16","",""
"264","c89f26f089a19b400e021547282f634f3811c475","18d662e224cab3ff49c8ceea5d405147e9cb49fa","5eb009215710038513de2e8260963e7822c93d09","11928","07/02/2024","22/02/2024","depasita","RON","1946.51","369.85","2316.36","",""
"265","b907c25d82126d7dd60bf4fc8c29a88055cfdda5","581cf74a8cf6fb29d05a8ae1a15b7e26c0b626dc","061309d43575e09eb0dc310bee0b933277f12793","11927","07/02/2024","22/02/2024","incasata","RON","82283.3","15633.84","97917.13","",""
"266","171c07b15f9eefd73e723bf674531553392adbb0","77fb3d56aad86ff96c1944c51736e984deaf0cdd","fe2b1869b79492c1ec83dd132955eed11b6e7c40","11926","07/02/2024","22/02/2024","depasita","RON","34.69","6.59","41.27","",""
"267","025855cdc6501b1773389e1bb706e2bf6d66d803","9269e88711e23540a2daf388b3f311dfea959cc9","529d532581d59ced82738b186e7f78e944731a0e","11925","07/02/2024","22/02/2024","incasata","RON","79089.38","15026.96","94116.34","",""
"268","e1c0b4a28121a66363219a129f8d36f325a066e2","d0530d473e8f3f267f0dceef887de832a1cbc27e","7e39211bc2222dac02439f9c16af331d608678cb","11924","07/02/2024","22/02/2024","incasata","RON","36270.69","6891.63","43162.25","",""
"269","acdfeaf73ccc1999ab7d9e35d114d47a571f6635","c43b63fe8a13a8dd28062eaae1012f42e6c007fd","fb3e9e6677878d6b9545aac49c399688eb557613","11923","07/02/2024","22/02/2024","incasata","RON","116018.74","22043.54","138062.28","",""
"270","fed994394a8c69dcc3e8871e145abc79a7731dac","4c2fc01cdd88b8680d18981acb758256e50f6c52","c97f86a5ef1bf9ef507a65e028d87212d8a2d389","11922","07/02/2024","22/02/2024","incasata","RON","216434.55","41122.62","257557.17","",""
"271","fd2b528a31401d7e3e77eed2f0b9b41b75876b25","cb51f993043ebb3445e2ef9feb4ea287ba9c96dd","953b8cb9b03935745930561c7148c3ee54cbdf52","11921","07/02/2024","22/02/2024","incasata","RON","151494.25","28783.9","180278.15","",""
"272","0fc1fd8175b8a4029b63439c93e05e927c5a8e2c","69e87d085dbe52f07c9b21dcf655f338efc20df9","2820d782d76ba4349c68b86353aac597a57f1820","11920","07/02/2024","22/02/2024","depasita","RON","2748.75","522.25","3271.0","",""
"273","ab8ecd219d8bd1bd5d1d7a6db13a2f779483138d","ec08266016ec2d8d855164a3d854e505c7c27816","8eb0f62a3f740fee0d0e13365940e1236e55b1d2","11919","07/02/2024","22/02/2024","incasata","RON","388242.39","73767.03","462009.28","",""
"274","628cd4ce7c9063da3f48c0b72722c3aa3ca66d35","7e1a4116b963c1013ceea7767581c9cb9fd3d0be","a1130179bd19805b586ae5e6ff5434220d69a272","11918","07/02/2024","22/02/2024","incasata","RON","581550.72","110495.46","692046.31","",""
"275","4ea47491355c7410c1755861027f43104d2e5092","a24250911ef670808254338c4b083ee2cc88b1b3","ca8ad68ebdd2bd795521a912c8733aaec1d8f84f","11917","07/02/2024","22/02/2024","incasata","RON","266926.66","50716.02","317642.68","",""
"276","0b631ebca78b5a87ab3ca31103d0eefeb882cde4","287ef5d539ff72969878a2eb8d5a0d75845a03bb","d92670787cce7e7dabe4a4b824f81c1b80efa58c","11916","07/02/2024","22/02/2024","depasita","RON","4370.71","830.42","5201.13","",""
"277","626f132a70d9d58625bf12785671b03b0c497062","a729cc62fe2879279b9ac9814225fd86e2bafa82","e975e7a7b24d76a173a7677570bd7abdd7c910ca","11915","07/02/2024","22/02/2024","incasata","RON","8661.49","1645.68","10307.17","",""
"278","a653863c3106ef68d2186946ceb2c715332bee85","4afbd738aeee266fbc697d65c747c0aba03d705c","7bb42044ea01e4822e40416c4822cd82f23072f6","11914","07/02/2024","22/02/2024","incasata","RON","48024.98","9124.56","57149.6","",""
"279","cdbd53d0b47b6a3938a377d185847b0d58facd98","990bf553798df484df69fac8d82802568bbc0ec9","da87a865aa1aa5f7fc154ae0ade6ee313745c33c","11913","07/02/2024","22/02/2024","incasata","RON","88289.66","16774.84","105064.5","",""
"280","50609e459c81e855053e492e9d8196302e199708","8e9818c4553ddabf35bd9368a0ea82882fc1db36","3245d6f9b05591544a4cd540e737979a27682c27","11912","07/02/2024","22/02/2024","depasita","RON","51478.85","9781.0","61259.84","",""
"281","0f5b241f460072f5fb6c1294a96a4ead09e10159","c6cb363430589df59d12a91afd3eb52a30f32d8e","54973f5d66f585841fde4d0bc944360385277708","11911","07/02/2024","22/02/2024","incasata","RON","476.47","90.52","566.99","",""
"282","12e94aaaf0204440d0e6573dfb83de076b6a98af","cafb12095f7d34f5c0c531ae8d5dde5cedeaa4f5","0db268d182fa20f6134088e0ac6842d1ef5b585b","11910","07/02/2024","22/02/2024","incasata","RON","130139.43","24726.5","154865.92","",""
"283","ffe732ba480ea543150259b520be76ec245aefe4","51acdbbb77fa46c2b2cbbbbeabf17e2369c51916","e8a4d63a8794863df246378cbd99c4c44d5e398c","11909","07/02/2024","22/02/2024","depasita","RON","2148495.2","408214.09","2556709.29","",""
"284","acddd485dd535c018388eaa39b3d0d49fd382855","eee116643886221d6d44d7e4931b0123492801f8","1c68bb3042ecdf851db4009efd4eccb1585ed8f8","11908","06/02/2024","21/02/2024","incasata","RON","19626.39","3729.02","23355.41","",""
"285","c4f821e8850d06fd6bfa9675d45d3b8adfdcb4fb","fa46c3099ca8a467d1f666bacdb186fdda28d900","001ee3f7d26e50f222fd4af859bd2fe91100b79b","11907","06/02/2024","21/02/2024","incasata","RON","95508.72","18146.62","113655.34","",""
"286","7b6b8415f265bb7b0967e2a5426325a80854f23a","4c23886d9f06c34e8642c7c5c144af8bca7c03d2","dd275fdeeb48161908a029e0b8718c268ca3b5c7","11906","06/02/2024","21/02/2024","incasata","RON","32566.07","6187.56","38753.63","",""
"287","d37d6012eb0adac0da237202b582a3de81d49b24","f8ba15f58c7709bac5bad73658ea2f98110a321e","bdc42d70a2c5ac1317a41d43d1bd27d82fccaf07","11905","06/02/2024","21/02/2024","incasata","RON","386887.21","73508.59","460395.8","",""
"288","dbc04453a57f11ab7fbde80f38dd5ce74af8b978","b7d91ed73313490df1c49090ba7b4a5b406de5ac","9ccf230ee7c35d0d15bdb802f858af3964823a73","11904","06/02/2024","21/02/2024","incasata","RON","22034.91","4186.64","26221.59","",""
"289","e6bb7875cba3e6a9204e07ae23051e1f0a6692ea","771968cf7951130a5391f8666189c55a73c9ccfc","20189ff316f2695f94491c86ce8b525e65dea8e5","11903","05/02/2024","20/02/2024","incasata","RON","753186.03","143105.05","896291.08","",""
"290","f640d9e8bedbe5b666f937a865d416499492142c","baa7e0587d867131e8da82c2a5f7274d4dd9f6c5","c0db6e6f0394888aea2489b98498ab1102a2c539","11902","05/02/2024","20/02/2024","incasata","RON","341907.75","64962.42","406870.17","",""
"291","ec54b643d2c2667c1b2c05f8556815413bf0217a","0993f16d6b3b7b96301e872df299b82e5f71f7f2","b99fbf4fd6ffe33acb52dfdef9e798bdd3448106","11901","05/02/2024","20/02/2024","incasata","RON","44289.03","8414.88","52703.97","",""
"292","c694884ff5e46406734740e8e80292dfec2d40ef","20011cf3040b8c128e819c80e0dc93ce40eadc9c","138dce83c87d75ee820cecfc82abb5773522fb45","11900","05/02/2024","20/02/2024","incasata","RON","304175.0","57793.25","361968.25","",""
"293","9a61eb91b7a794ae453f9eeebf41d14c671df139","1c2096f3908408f0d0657a609c2004d91ea3327d","ccdb204d07916e5fc8ff2d603b9f13b840081a4b","11899","05/02/2024","20/02/2024","incasata","RON","6132.86","1165.24","7298.1","",""
"294","2d8af2ac7475af4be48b56d1a300d07ca7ba2620","75d81c29bb22e59539d77d8d8e1c43974a81bbe3","7fadde591edeb989e1cf596db5a96e1c2caa49f1","11898","05/02/2024","20/02/2024","incasata","RON","381.32","72.45","453.78","",""
"295","ad8e6b37b4d3a288c478b49ae19bee8ff84edfe3","96679ad6a50a7eeee71a1f3372ee09ed220a6eb0","eb4a57c074ffa1c1bec38a8cb990352f47e8c1a7","11897","05/02/2024","20/02/2024","incasata","RON","384247.22","73007.0","457254.22","",""
"296","da7fe1b546086c6adf0a9dafb5ebcc60e5550693","290049e2c72609e622e93bf2b5437229bc2c1952","1ec986bb8ba982f03391fef350255cd63e8e80d0","11896","05/02/2024","20/02/2024","incasata","RON","1422.49","270.28","1692.77","",""
"297","310ba2ed99656c94f7099d492218cacf3a28d02e","353c331a849d3383b211a6b414bf356c1dfff709","0a6ecd00059bd9d83fbbb7d0b13e4768469572c9","11895","05/02/2024","20/02/2024","incasata","RON","18637.75","3541.3","22179.0","",""
"298","310ba2ed99656c94f7099d492218cacf3a28d02e","353c331a849d3383b211a6b414bf356c1dfff709","0a6ecd00059bd9d83fbbb7d0b13e4768469572c9","11894","05/02/2024","20/02/2024","incasata","RON","-177021.77","-33634.16","-210655.93","",""
"299","615e121ae3805566de90151faee58e8de37e2ea4","af640e8ac5fdfc84bcc16adc4bdce53941e9daec","36e6290f5d6096c97fd72d546e77d88ee0a15e52","11893","02/02/2024","17/02/2024","incasata","RON","665500.0","126445.0","791945.0","",""
"300","1294c5b8e0834a4a6a347e31bfab77c9afcbe17a","09d2501abd76a8b47cc354f53052cb21d8de2bd9","383858c79311fe347c06123b57b4da3998e6e09e","11892","01/02/2024","16/02/2024","incasata","RON","1705448.22","324035.99","2029484.21","",""
"301","f839922e531f188e84c073d0faead08caf998ec4","cbf2cc9062861fd550f9325bf7784d58e0211140","cc76f01731d6431bcb6a0ac57d131517a2768dad","11891","01/02/2024","16/02/2024","incasata","RON","7461.61","1417.67","8879.3","",""
"302","0aa5a8ba6401657b516d7aa12ac54c2159005321","7bbf0b1b5cb4259b8e32a619065f6a2e53331d84","09f4df9370a3f6f49de45c1a659add66a2cc3c58","11890","01/02/2024","16/02/2024","incasata","RON","1629236.22","309555.13","1938791.49","",""
"303","f8432905b0b5974adde3eabc80fd6b4c718591bb","de4249cf2e51f20594dfb2856fe2c062a298ef2b","41f8f159d1db2480ff83ed2d7401a88b87ae5756","11889","01/02/2024","16/02/2024","incasata","RON","839157.23","159439.66","998596.89","",""
"304","b889173c15c29e92fb683e8d969547d4a2706438","6ed20d043f029cc700c4971689b6a7a910721092","71be7f33b64c3cd06a22a59cc3266e5d319baedb","11888","01/02/2024","16/02/2024","incasata","RON","446333.64","84803.82","531137.57","",""
"305","d893d01c36e2dc40ff53f1f483f9a710fa9990c2","621ae5ca0ce83c96f2b1baca9e0bc0f57973de7f","b98d44522be1eeffd464dda82d71c7dbb2b646d4","11887","01/02/2024","16/02/2024","incasata","RON","160119.4","30422.69","190542.09","",""
"306","8d4f1f5d68185e7c24962b108b88827ce97761cc","b93c1de7ca594f52abc198d0b0f45613e01de6cc","24e08abc690f6530d8a934a6737870409bb7bd66","11886","01/02/2024","16/02/2024","incasata","RON","42733.55","8119.39","50852.94","",""
"","","","","","","","","","","","","",""
"","","","","","","","","RON","37190568.96","7066215.1","44256783.49","",""
